<AssetPackage Name="emissair-ybaf" ReleaseNotes="PackageDefinitions\emissair-ybaf\ReleaseNotes.xml" Version="0.1.0">
	<ItemSettings>
		<ContentType>SCENERY</ContentType>
		<Title>YBAF Archefrield</Title>
		<Manufacturer/>
		<Creator>Emissair</Creator>
	</ItemSettings>
	<Flags>
		<VisibleInStore>false</VisibleInStore>
		<CanBeReferenced>false</CanBeReferenced>
	</Flags>
	<AssetGroups>
		<AssetGroup Name="ContentInfo">
			<Type>Copy</Type>
			<Flags>
				<FSXCompatibility>false</FSXCompatibility>
			</Flags>
			<AssetDir>PackageDefinitions\emissair-ybaf\ContentInfo\</AssetDir>
			<OutputDir>ContentInfo\emissair-ybaf\</OutputDir>
		</AssetGroup>
		<AssetGroup Name="MarketplaceData">
			<Type>MarketplaceData</Type>
			<Flags>
				<FSXCompatibility>false</FSXCompatibility>
			</Flags>
			<AssetDir>PackageDefinitions\emissair-ybaf\MarketplaceData\</AssetDir>
			<OutputDir>MarketplaceData\emissair-ybaf\</OutputDir>
		</AssetGroup>
		<AssetGroup Name="mymodellib">
			<Type>ArtProj</Type>
			<Flags>
				<FSXCompatibility>false</FSXCompatibility>
			</Flags>
			<AssetDir>PackageSources\modelLib\</AssetDir>
			<OutputDir>scenery\mycompany\</OutputDir>
		</AssetGroup>
		<AssetGroup Name="myscene">
			<Type>BGL</Type>
			<Flags>
				<FSXCompatibility>false</FSXCompatibility>
			</Flags>
			<AssetDir>PackageSources\scene\</AssetDir>
			<OutputDir>scenery\</OutputDir>
		</AssetGroup>
	</AssetGroups>
</AssetPackage>

