<?xml version="1.0"?>
<metadata xml:lang="en">
	<FlightSim>
		<Geometry clipLevel="11"></Geometry>
		<AttributeSet>
			<AttributeBlock name="Version" guid="{CE85242F-4110-4706-8344-1F3A8EE422BE}">
				<Field name="version" type="STRING" />
			</AttributeBlock>
			<AttributeBlock name="AirportBounds" guid="{359C73E8-06BE-4FB2-ABCB-EC942F7761D0}">
				<Field name="Uuid" type="GUID" />
			</AttributeBlock>
			<AttributeBlock name="Texture" guid="{1B6A15BB-05FB-4401-A8D1-BB520E84904C}">
				<Field name="Guid" type="GUID" />
			</AttributeBlock>
			<AttributeBlock name="FalloffDistance" guid="{5548fdb5-2267-4328-8e6f-fd0a45adec8f}">
				<Field name="falloff" type="FLOAT32" />
			</AttributeBlock>
			<AttributeBlock name="FlattenMode" guid="{065e9d4d-6984-4d2a-91fd-3c33c4f53b22}">
				<Field name="flatten" type="UINT8" />
			</AttributeBlock>
			<AttributeBlock name="ExcludeDetectedBuildings" guid="{5C1A2387-1F07-47DF-A569-962CF6258E55}">
				<Field name="DBuilding" type="UINT8" />
			</AttributeBlock>
			<AttributeBlock name="ExcludeOSMBuildings" guid="{F3C2635D-9F2F-458F-8663-90B3837BED09}">
				<Field name="OBuilding" type="UINT8" />
			</AttributeBlock>
			<AttributeBlock name="ExcludeMSBuildings" guid="{F78A3074-8AD5-4B8B-92C4-C1C948BB7AA5}">
				<Field name="MSBuilding" type="UINT8" />
			</AttributeBlock>
			<AttributeBlock name="VegetationScale" guid="{6a043f59-e6f2-4117-a2e4-d510e7317c29}">
				<Field name="vegetation" type="UINT32" />
			</AttributeBlock>
			<AttributeBlock name="LandClassRemap" guid="{0a685eb0-0e01-44fe-b9ef-bfffbc968ade}">
				<Field name="LCRemap" type="UINT8" />
			</AttributeBlock>
			<AttributeBlock name="MaterialGUID" guid="{cd28efd0-d3f0-43b6-9f88-4e4707344a04}">
				<Field name="material" type="GUID" />
			</AttributeBlock>
			<AttributeBlock name="ExcludeTIN" guid="{18B58CBF-AE02-4A19-8AA9-3809E8E73400}">
				<Field name="ExcludeTIN" type="UINT8" />
			</AttributeBlock>
			<AttributeBlock name="BuildingTIN" guid="{4c252581-63e9-4c22-8a3d-14b31f3c8157}">
				<Field name="BuildTIN" type="UINT8" />
			</AttributeBlock>
			<AttributeBlock name="ForceDetectedBuilding" guid="{69A63EDD-FBE5-4F0D-88E6-6FA01963D613}">
				<Field name="Detected" type="UINT8" />
			</AttributeBlock>
			<AttributeBlock name="VegetationDensity" guid="{41EFF715-C392-4B31-A457-50A504353A90}">
				<Field name="VegDensity" type="UINT32" />
			</AttributeBlock>
			<AttributeBlock name="Layer" guid="{9E2B4C3E-7D84-453F-9DCC-B6498FF46703}">
				<Field name="Layer" type="UINT32" />
			</AttributeBlock>
			<AttributeBlock name="VegetationFalloff" guid="{E82ABE17-FB4C-4F67-A28C-ED41969AEAD6}">
				<Field name="VegFalloff" type="FLOAT32" />
			</AttributeBlock>
			<AttributeBlock name="IsWater" guid="{684AFC09-9B38-4431-8D76-E825F54A4DFF}">
				<Field name="IsWater" type="UINT8" />
			</AttributeBlock>
			<AttributeBlock name="IsWaterExclusion" guid="{972B7BAC-F620-4D6E-9724-E70BF8A450DD}">
				<Field name="WaterExcl" type="UINT8" />
			</AttributeBlock>
			<AttributeBlock name="WaterType" guid="{3F8514F8-FAA8-4B94-AB7F-DC2078A4B888}">
				<Field name="WaterType" type="UINT32" />
			</AttributeBlock>
			<AttributeBlock name="AirportSize" guid="{86A147E9-ACF2-4780-9D3C-416373ECB451}">
				<Field name="AirprtSize" type="UINT8" />
			</AttributeBlock>
			<AttributeBlock name="EcoRegion" guid="{8C1A396B-F730-4128-981A-C90600F856E0}">
				<Field name="EcoRegion" type="UINT32" />
			</AttributeBlock>
			<AttributeBlock name="PotentialNaturalVegetation" guid="{09409810-AD40-48DE-A209-DB1CB10601F7}">
				<Field name="NaturalVeg" type="UINT32" />
			</AttributeBlock>
			<AttributeBlock name="IsAirportInternational" guid="{F8A7B13F-BD91-48F8-AC66-6C8601A2F1C6}">
				<Field name="Intrntionl" type="UINT8" />
			</AttributeBlock>
			<AttributeBlock name="IsArtificialSurface" guid="{C4EC4055-3177-4757-82FB-44038B244BA9}">
				<Field name="Artificial" type="UINT8" />
			</AttributeBlock>
			<AttributeBlock name="TreeBrightnessFactor" guid="{63040596-0B21-48FD-8B5F-A9E84A5B7BC9}">
				<Field name="Brightness" type="UINT32" />
			</AttributeBlock>
		</AttributeSet>
	</FlightSim>
</metadata>
