{
  "content": [
    {
      "path": "Business.json",
      "size": 142,
      "date": 132474916919909294
    },
    {
      "path": "ContentInfo/emissair-ybaf/Thumbnail.jpg",
      "size": 13520,
      "date": 132451497880000000
    },
    {
      "path": "manifest.json",
      "size": 491,
      "date": 132474916920348121
    },
    {
      "path": "MarketplaceData/emissair-ybaf/ContentInfo_Thumbnail.jpg",
      "size": 13520,
      "date": 132451497880000000
    },
    {
      "path": "MarketplaceData/emissair-ybaf/Marketplace.json",
      "size": 397,
      "date": 132474916919889349
    },
    {
      "path": "MarketplaceData/emissair-ybaf/Thumbnail.jpg",
      "size": 13520,
      "date": 132451497880000000
    },
    {
      "path": "scenery/mycompany/modelLib.BGL",
      "size": 8795896,
      "date": 132474871128923240
    },
    {
      "path": "scenery/mycompany/TEXTURE/BLACK TYRE.PNG.DDS",
      "size": 699192,
      "date": 132474772137982098
    },
    {
      "path": "scenery/mycompany/TEXTURE/BLACK TYRE.PNG.DDS.json",
      "size": 102,
      "date": 132474772137942198
    },
    {
      "path": "scenery/mycompany/TEXTURE/CONE_W_REDSTRIPE2.PNG.DDS",
      "size": 11184952,
      "date": 132474772118695635
    },
    {
      "path": "scenery/mycompany/TEXTURE/CONE_W_REDSTRIPE2.PNG.DDS.json",
      "size": 102,
      "date": 132474772118615847
    },
    {
      "path": "scenery/mycompany/TEXTURE/DIRTY WHITE.JPG.DDS",
      "size": 2796344,
      "date": 132474772136565884
    },
    {
      "path": "scenery/mycompany/TEXTURE/DIRTY WHITE.JPG.DDS.json",
      "size": 102,
      "date": 132474772136516013
    },
    {
      "path": "scenery/mycompany/TEXTURE/GABLE MARKER WHITE.PNG.DDS",
      "size": 11064,
      "date": 132474772103517069
    },
    {
      "path": "scenery/mycompany/TEXTURE/GABLE MARKER WHITE.PNG.DDS.json",
      "size": 102,
      "date": 132474772103477177
    },
    {
      "path": "scenery/mycompany/TEXTURE/PARKING MARKER.PNG.DDS",
      "size": 11184952,
      "date": 132474772132433478
    },
    {
      "path": "scenery/mycompany/TEXTURE/PARKING MARKER.PNG.DDS.json",
      "size": 102,
      "date": 132474772132343718
    },
    {
      "path": "scenery/PARKRIDGE TOWER.BGL",
      "size": 1746,
      "date": 132474796926177876
    },
    {
      "path": "scenery/Parkridge water tower.bgl",
      "size": 64050,
      "date": 132475553675632826
    }
  ]
}