<Timestamps>
	<Entry Path="C:\FlightSimulator\SCENERY PROJECTS\SimpleScenery\_PackageInt\_PackageInt\_tempFiles\emissair-ybaf\mymodellib\Cone Gabel\Gabel_Cone.bin" Timestamp="13247477210" NbSourceFile="2"/>
	<Entry Path="C:\FlightSimulator\SCENERY PROJECTS\SimpleScenery\_PackageInt\_PackageInt\_tempFiles\emissair-ybaf\mymodellib\Cone Gabel\Gabel_Cone.xml" Timestamp="13247459459" NbSourceFile="1"/>
	<Entry Path="C:\FlightSimulator\SCENERY PROJECTS\SimpleScenery\_PackageInt\_PackageInt\_tempFiles\emissair-ybaf\mymodellib\Tyre\Tyre.bin" Timestamp="13247477215" NbSourceFile="2"/>
	<Entry Path="C:\FlightSimulator\SCENERY PROJECTS\SimpleScenery\_PackageInt\_PackageInt\_tempFiles\emissair-ybaf\mymodellib\Cone Yellow Parking\Cone_Yellow_Parking.bin" Timestamp="13247477213" NbSourceFile="2"/>
	<Entry Path="C:\FlightSimulator\SCENERY PROJECTS\SimpleScenery\_PackageInt\_PackageInt\_tempFiles\emissair-ybaf\mymodellib\Tyre Gabel\Tyre_Gabel.gltf" Timestamp="13247477216" NbSourceFile="2"/>
	<Entry Path="C:\FlightSimulator\SCENERY PROJECTS\SimpleScenery\_PackageInt\_PackageInt\_tempFiles\emissair-ybaf\mymodellib\Tyre\Tyre.xml" Timestamp="13247459459" NbSourceFile="1"/>
	<Entry Path="C:\FlightSimulator\SCENERY PROJECTS\SimpleScenery\Packages\emissair-ybaf\scenery\mycompany\TEXTURE\DIRTY WHITE.JPG.DDS.json" Timestamp="13247477213" NbSourceFile="1"/>
	<Entry Path="C:\FlightSimulator\SCENERY PROJECTS\SimpleScenery\_PackageInt\_PackageInt\_tempFiles\emissair-ybaf\mymodellib\Cone Yellow Parking\Cone_Yellow_Parking.gltf" Timestamp="13247477213" NbSourceFile="2"/>
	<Entry Path="C:\FlightSimulator\SCENERY PROJECTS\SimpleScenery\_PackageInt\_PackageInt\_tempFiles\emissair-ybaf\mymodellib\Gabel Marker Dirty\Gabel_Dirty.gltf" Timestamp="13247477213" NbSourceFile="2"/>
	<Entry Path="C:\FlightSimulator\SCENERY PROJECTS\SimpleScenery\Packages\emissair-ybaf\scenery\mycompany\TEXTURE\GABLE MARKER WHITE.PNG.DDS.json" Timestamp="13247477210" NbSourceFile="1"/>
	<Entry Path="C:\FlightSimulator\SCENERY PROJECTS\SimpleScenery\_PackageInt\_PackageInt\_tempFiles\emissair-ybaf\mymodellib\Tyre Gabel\Tyre_Gabel.xml" Timestamp="13247459459" NbSourceFile="1"/>
	<Entry Path="C:\FlightSimulator\SCENERY PROJECTS\SimpleScenery\Packages\emissair-ybaf\scenery\mycompany\TEXTURE\DIRTY WHITE.JPG.DDS" Timestamp="13247477213" NbSourceFile="1"/>
	<Entry Path="C:\FlightSimulator\SCENERY PROJECTS\SimpleScenery\Packages\emissair-ybaf\scenery\mycompany\TEXTURE\PARKING MARKER.PNG.DDS" Timestamp="13247477213" NbSourceFile="1"/>
	<Entry Path="C:\FlightSimulator\SCENERY PROJECTS\SimpleScenery\Packages\emissair-ybaf\scenery\mycompany\TEXTURE\PARKING MARKER.PNG.DDS.json" Timestamp="13247477213" NbSourceFile="1"/>
	<Entry Path="C:\FlightSimulator\SCENERY PROJECTS\SimpleScenery\_PackageInt\_PackageInt\_tempFiles\emissair-ybaf\mymodellib\Cone with Red Strip\Cone_RedStripe.bin" Timestamp="13247477211" NbSourceFile="2"/>
	<Entry Path="C:\FlightSimulator\SCENERY PROJECTS\SimpleScenery\Packages\emissair-ybaf\scenery\mycompany\TEXTURE\CONE_W_REDSTRIPE2.PNG.DDS.json" Timestamp="13247477211" NbSourceFile="1"/>
	<Entry Path="C:\FlightSimulator\SCENERY PROJECTS\SimpleScenery\_PackageInt\_PackageInt\_tempFiles\emissair-ybaf\mymodellib\Gabel Marker Dirty\Gabel_Dirty.bin" Timestamp="13247477213" NbSourceFile="2"/>
	<Entry Path="C:\FlightSimulator\SCENERY PROJECTS\SimpleScenery\_PackageInt\_PackageInt\_tempFiles\emissair-ybaf\mymodellib\Tyre\Tyre.gltf" Timestamp="13247477215" NbSourceFile="2"/>
	<Entry Path="C:\FlightSimulator\SCENERY PROJECTS\SimpleScenery\_PackageInt\_PackageInt\_tempFiles\emissair-ybaf\mymodellib\Cone with Red Strip\Cone_RedStripe.gltf" Timestamp="13247477211" NbSourceFile="2"/>
	<Entry Path="C:\FlightSimulator\SCENERY PROJECTS\SimpleScenery\Packages\emissair-ybaf\scenery\mycompany\modelLib.BGL" Timestamp="13247477232" NbSourceFile="0"/>
	<Entry Path="C:\FlightSimulator\SCENERY PROJECTS\SimpleScenery\_PackageInt\_PackageInt\_tempFiles\emissair-ybaf\mymodellib\Gabel Parking\Gabel_Parking.xml" Timestamp="13247459459" NbSourceFile="1"/>
	<Entry Path="C:\FlightSimulator\SCENERY PROJECTS\SimpleScenery\_PackageInt\_PackageInt\_tempFiles\emissair-ybaf\mymodellib\Gabel Marker Dirty\Gabel_Dirty.xml" Timestamp="13247459459" NbSourceFile="1"/>
	<Entry Path="C:\FlightSimulator\SCENERY PROJECTS\SimpleScenery\Packages\emissair-ybaf\scenery\mycompany\TEXTURE\GABLE MARKER WHITE.PNG.DDS" Timestamp="13247477210" NbSourceFile="1"/>
	<Entry Path="C:\FlightSimulator\SCENERY PROJECTS\SimpleScenery\_PackageInt\_PackageInt\_tempFiles\emissair-ybaf\mymodellib\Gabel Marker\gabel.bin" Timestamp="13247477213" NbSourceFile="2"/>
	<Entry Path="C:\FlightSimulator\SCENERY PROJECTS\SimpleScenery\_PackageInt\_PackageInt\_tempFiles\emissair-ybaf\mymodellib\Cone Gabel\Gabel_Cone.gltf" Timestamp="13247477210" NbSourceFile="2"/>
	<Entry Path="C:\FlightSimulator\SCENERY PROJECTS\SimpleScenery\_PackageInt\_PackageInt\_tempFiles\emissair-ybaf\mymodellib\Gabel Parking\Gabel_Parking.bin" Timestamp="13247477213" NbSourceFile="2"/>
	<Entry Path="C:\FlightSimulator\SCENERY PROJECTS\SimpleScenery\Packages\emissair-ybaf\scenery\mycompany\TEXTURE\BLACK TYRE.PNG.DDS" Timestamp="13247477213" NbSourceFile="1"/>
	<Entry Path="C:\FlightSimulator\SCENERY PROJECTS\SimpleScenery\_PackageInt\_PackageInt\_tempFiles\emissair-ybaf\mymodellib\Cone Yellow Parking\Cone_Yellow_Parking.xml" Timestamp="13247459459" NbSourceFile="1"/>
	<Entry Path="C:\FlightSimulator\SCENERY PROJECTS\SimpleScenery\Packages\emissair-ybaf\scenery\mycompany\TEXTURE\CONE_W_REDSTRIPE2.PNG.DDS" Timestamp="13247477211" NbSourceFile="1"/>
	<Entry Path="C:\FlightSimulator\SCENERY PROJECTS\SimpleScenery\_PackageInt\_PackageInt\_tempFiles\emissair-ybaf\mymodellib\Gabel Marker\gabel.gltf" Timestamp="13247477213" NbSourceFile="2"/>
	<Entry Path="C:\FlightSimulator\SCENERY PROJECTS\SimpleScenery\_PackageInt\_PackageInt\_tempFiles\emissair-ybaf\mymodellib\Gabel Parking\Gabel_Parking.gltf" Timestamp="13247477213" NbSourceFile="2"/>
	<Entry Path="C:\FlightSimulator\SCENERY PROJECTS\SimpleScenery\Packages\emissair-ybaf\scenery\mycompany\TEXTURE\BLACK TYRE.PNG.DDS.json" Timestamp="13247477213" NbSourceFile="1"/>
	<Entry Path="C:\FlightSimulator\SCENERY PROJECTS\SimpleScenery\_PackageInt\_PackageInt\_tempFiles\emissair-ybaf\mymodellib\Cone with Red Strip\Cone_RedStripe.xml" Timestamp="13247459459" NbSourceFile="1"/>
	<Entry Path="C:\FlightSimulator\SCENERY PROJECTS\SimpleScenery\_PackageInt\_PackageInt\_tempFiles\emissair-ybaf\mymodellib\Gabel Marker\Gabel.xml" Timestamp="13247459459" NbSourceFile="1"/>
	<Entry Path="C:\FlightSimulator\SCENERY PROJECTS\SimpleScenery\_PackageInt\_PackageInt\_tempFiles\emissair-ybaf\mymodellib\Tyre Gabel\Tyre_Gabel.bin" Timestamp="13247477216" NbSourceFile="2"/>
</Timestamps>

