<Timestamps>
	<Entry Path="Cone Gabel\Gabel_Cone.gltf" Timestamp="13247459459"/>
	<Entry Path="Cone Yellow Parking\Cone_Yellow_Parking.bin" Timestamp="13247459459"/>
	<Entry Path="Cone Gabel\Gabel_Cone.xml" Timestamp="13247459459"/>
	<Entry Path="Gabel Parking\Gabel_Parking.xml" Timestamp="13247459459"/>
	<Entry Path="Cone with Red Strip\Cone_RedStripe.bin" Timestamp="13247459459"/>
	<Entry Path="Gabel Marker Dirty\Gabel_Dirty.bin" Timestamp="13247459459"/>
	<Entry Path="Tyre\Tyre.gltf" Timestamp="13247459459"/>
	<Entry Path="Cone Gabel\Gabel_Cone.bin" Timestamp="13247459459"/>
	<Entry Path="Gabel Parking\Gabel_Parking.bin" Timestamp="13247459459"/>
	<Entry Path="TEXTURE\CONE_W_REDSTRIPE2.PNG" Timestamp="13247459459"/>
	<Entry Path="Cone Yellow Parking\Cone_Yellow_Parking.gltf" Timestamp="13247459459"/>
	<Entry Path="Gabel Parking\Gabel_Parking.gltf" Timestamp="13247459459"/>
	<Entry Path="TEXTURE\PARKING MARKER.PNG" Timestamp="13247459459"/>
	<Entry Path="TEXTURE\DIRTY WHITE.JPG" Timestamp="13247459459"/>
	<Entry Path="Tyre\Tyre.xml" Timestamp="13247459459"/>
	<Entry Path="Gabel Marker Dirty\Gabel_Dirty.xml" Timestamp="13247459459"/>
	<Entry Path="TEXTURE\GABLE MARKER WHITE.PNG" Timestamp="13247459459"/>
	<Entry Path="Tyre\Tyre.bin" Timestamp="13247459459"/>
	<Entry Path="Tyre Gabel\Tyre_Gabel.bin" Timestamp="13247459459"/>
	<Entry Path="Gabel Marker\gabel.bin" Timestamp="13247459459"/>
	<Entry Path="Cone Yellow Parking\Cone_Yellow_Parking.xml" Timestamp="13247459459"/>
	<Entry Path="Cone with Red Strip\Cone_RedStripe.xml" Timestamp="13247459459"/>
	<Entry Path="TEXTURE\BLACK TYRE.PNG" Timestamp="13247459459"/>
	<Entry Path="Tyre Gabel\Tyre_Gabel.xml" Timestamp="13247459459"/>
	<Entry Path="Tyre Gabel\Tyre_Gabel.gltf" Timestamp="13247459459"/>
	<Entry Path="Gabel Marker Dirty\Gabel_Dirty.gltf" Timestamp="13247459459"/>
	<Entry Path="Gabel Marker\gabel.gltf" Timestamp="13247459459"/>
	<Entry Path="Gabel Marker\Gabel.xml" Timestamp="13247459459"/>
	<Entry Path="Cone with Red Strip\Cone_RedStripe.gltf" Timestamp="13247459459"/>
</Timestamps>

